Sensor ID, Temperature, Power, Status
IR_1, 25.34, 0.239891, Stable
IR_2, 4.62, 0.179641, Heater On
IR_3, 36.93, 0.274098, Fan On
IR_4, 0.61, 0.165290, Heater On
IR_5, 20.70, 0.221071, Stable
IR_6, 6.23, 0.183900, Stable
IR_7, 37.11, 0.280009, Fan On
IR_8, 7.36, 0.182135, Stable
IR_9, 14.10, 0.207328, Stable
IR_10, 23.30, 0.230716, Stable
IR_11, 13.53, 0.200912, Stable
IR_12, 22.83, 0.233052, Stable
IR_13, 29.27, 0.250073, Stable
IR_14, 53.48, 0.339455, Fan On
IR_15, 2.71, 0.171021, Heater On
IR_16, 18.87, 0.220371, Stable
IR_17, 4.86, 0.177210, Heater On
IR_18, 7.80, 0.184524, Stable
IR_19, 58.04, 0.360438, Fan On
IR_20, 54.87, 0.342646, Fan On
IR_21, 38.98, 0.286520, Fan On
IR_22, 52.13, 0.339468, Fan On
IR_23, 55.56, 0.354249, Fan On
IR_24, 12.02, 0.197649, Stable
IR_25, 46.02, 0.315803, Fan On
IR_26, 57.05, 0.358115, Fan On
IR_27, 42.92, 0.294369, Fan On
IR_28, 23.81, 0.234932, Stable
IR_29, 0.18, 0.168688, Heater On
IR_30, 58.41, 0.359034, Fan On
IR_31, 57.55, 0.362218, Fan On
IR_32, 29.28, 0.249954, Stable
IR_33, 29.58, 0.253419, Stable
IR_34, 1.50, 0.171704, Heater On
IR_35, 36.44, 0.277532, Fan On
IR_36, 22.47, 0.225882, Stable
IR_37, 16.82, 0.215148, Stable
IR_38, 6.34, 0.181424, Stable
IR_39, 11.59, 0.199841, Stable
IR_40, 23.95, 0.231521, Stable
IR_41, 6.41, 0.186102, Stable
IR_42, 50.91, 0.329797, Fan On
IR_43, 36.88, 0.272948, Fan On
IR_44, 43.52, 0.301231, Fan On
IR_45, 15.95, 0.212787, Stable
IR_46, 55.40, 0.343217, Fan On
IR_47, 13.02, 0.204308, Stable
IR_48, 45.96, 0.305504, Fan On
IR_49, 22.43, 0.230156, Stable
IR_50, 25.57, 0.237583, Stable
IR_51, 15.43, 0.205920, Stable
IR_52, 36.71, 0.274159, Fan On
IR_53, 7.80, 0.187138, Stable
IR_54, 6.54, 0.186420, Stable
IR_55, 34.37, 0.267459, Stable
IR_56, 36.11, 0.274613, Fan On
IR_57, 59.55, 0.363171, Fan On
IR_58, 22.21, 0.230293, Stable
IR_59, 52.37, 0.331609, Fan On
IR_60, 11.73, 0.196061, Stable
IR_61, 22.87, 0.233457, Stable
IR_62, 23.37, 0.231006, Stable
IR_63, 32.96, 0.258555, Stable
IR_64, 7.96, 0.191085, Stable
IR_65, 24.23, 0.232018, Stable
IR_66, 42.45, 0.300126, Fan On
IR_67, 42.79, 0.296401, Fan On
IR_68, 22.02, 0.231234, Stable
IR_69, 49.11, 0.325231, Fan On
IR_70, 52.95, 0.336461, Fan On
IR_71, 17.58, 0.211322, Stable
IR_72, 3.11, 0.173106, Heater On
IR_73, 58.01, 0.360086, Fan On
IR_74, 30.92, 0.255400, Stable
IR_75, 3.26, 0.174964, Heater On
IR_76, 55.19, 0.341918, Fan On
IR_77, 1.36, 0.171798, Heater On
IR_78, 11.54, 0.194322, Stable
IR_79, 8.53, 0.187933, Stable
IR_80, 37.86, 0.278833, Fan On
IR_81, 31.72, 0.260754, Stable
IR_82, 29.59, 0.248676, Stable
IR_83, 13.71, 0.204579, Stable
IR_84, 44.52, 0.310234, Fan On
IR_85, 13.86, 0.202483, Stable
IR_86, 8.44, 0.187180, Stable
IR_87, 7.07, 0.181767, Stable
IR_88, 26.03, 0.239548, Stable
IR_89, 17.94, 0.214581, Stable
IR_90, 54.84, 0.344078, Fan On
IR_91, 47.95, 0.319013, Fan On
IR_92, 31.77, 0.260419, Stable
IR_93, 49.66, 0.326850, Fan On
IR_94, 51.69, 0.327923, Fan On
IR_95, 20.23, 0.218577, Stable
IR_96, 2.81, 0.174645, Heater On
IR_97, 25.23, 0.235893, Stable
IR_98, 29.92, 0.248666, Stable
IR_99, 45.03, 0.311555, Fan On
IR_100, 21.49, 0.229355, Stable
IR_101, 40.66, 0.295380, Fan On
IR_102, 8.98, 0.191809, Stable
IR_103, 53.18, 0.333855, Fan On
IR_104, 19.96, 0.216788, Stable
IR_105, 8.61, 0.186462, Stable
IR_106, 22.02, 0.225184, Stable
IR_107, 12.18, 0.195475, Stable
IR_108, 1.04, 0.172724, Heater On
IR_109, 9.56, 0.187647, Stable
IR_110, 33.47, 0.266188, Stable
IR_111, 23.52, 0.234307, Stable
IR_112, 18.24, 0.215974, Stable
IR_113, 5.79, 0.183866, Heater On
IR_114, 4.24, 0.178109, Heater On
IR_115, 8.57, 0.186781, Stable
IR_116, 7.18, 0.186210, Stable
IR_117, 39.30, 0.280247, Fan On
IR_118, 30.31, 0.249527, Stable
IR_119, 26.03, 0.241154, Stable
IR_120, 14.05, 0.205294, Stable
IR_121, 55.24, 0.354610, Fan On
IR_122, 23.14, 0.235507, Stable
IR_123, 58.67, 0.367150, Fan On
IR_124, 21.38, 0.221572, Stable
IR_125, 43.61, 0.304552, Fan On
IR_126, 36.78, 0.278887, Fan On
IR_127, 47.93, 0.322258, Fan On
IR_128, 31.79, 0.259044, Stable
IR_129, 55.18, 0.342998, Fan On
IR_130, 53.09, 0.334550, Fan On
IR_131, 20.74, 0.225809, Stable
IR_132, 26.97, 0.243900, Stable
IR_133, 27.89, 0.244368, Stable
IR_134, 48.86, 0.316427, Fan On
IR_135, 40.27, 0.284499, Fan On
IR_136, 8.64, 0.188958, Stable
IR_137, 51.33, 0.329805, Fan On
IR_138, 11.46, 0.195488, Stable
IR_139, 49.83, 0.331752, Fan On
IR_140, 20.46, 0.223281, Stable
IR_141, 30.27, 0.254759, Stable
IR_142, 4.13, 0.179416, Heater On
IR_143, 25.58, 0.238585, Stable
IR_144, 26.98, 0.242024, Stable
IR_145, 26.32, 0.238045, Stable
IR_146, 5.35, 0.182914, Heater On
IR_147, 27.16, 0.238911, Stable
IR_148, 12.67, 0.200437, Stable
IR_149, 45.29, 0.313409, Fan On
IR_150, 28.44, 0.245528, Stable
IR_151, 35.04, 0.270023, Fan On
IR_152, 20.98, 0.221626, Stable
IR_153, 54.03, 0.347237, Fan On
IR_154, 1.01, 0.166219, Heater On
IR_155, 5.00, 0.181299, Heater On
IR_156, 17.13, 0.213615, Stable
IR_157, 11.61, 0.198201, Stable
IR_158, 8.27, 0.188923, Stable
IR_159, 17.92, 0.215888, Stable
IR_160, 4.28, 0.178409, Heater On
IR_161, 37.64, 0.278603, Fan On
IR_162, 42.05, 0.301083, Fan On
IR_163, 56.12, 0.351520, Fan On
IR_164, 5.42, 0.182663, Heater On
IR_165, 26.26, 0.237452, Stable
IR_166, 3.12, 0.173224, Heater On
IR_167, 9.29, 0.190442, Stable
IR_168, 11.88, 0.199215, Stable
IR_169, 25.89, 0.239679, Stable
IR_170, 25.54, 0.241511, Stable
IR_171, 30.93, 0.259272, Stable
IR_172, 24.28, 0.235510, Stable
IR_173, 27.53, 0.242328, Stable
IR_174, 7.44, 0.186755, Stable
IR_175, 53.76, 0.344957, Fan On
IR_176, 27.74, 0.248844, Stable
IR_177, 11.12, 0.193826, Stable
IR_178, 17.30, 0.215349, Stable
IR_179, 25.16, 0.236061, Stable
IR_180, 45.14, 0.302779, Fan On
IR_181, 13.95, 0.201491, Stable
IR_182, 40.08, 0.291218, Fan On
IR_183, 26.47, 0.241857, Stable
IR_184, 51.45, 0.332059, Fan On
IR_185, 28.35, 0.246204, Stable
IR_186, 36.67, 0.272895, Fan On
IR_187, 31.23, 0.259602, Stable
IR_188, 16.49, 0.211996, Stable
IR_189, 36.75, 0.271682, Fan On
IR_190, 7.23, 0.184244, Stable
IR_191, 18.79, 0.214177, Stable
IR_192, 58.27, 0.358401, Fan On
IR_193, 32.36, 0.261684, Stable
IR_194, 3.10, 0.172840, Heater On
IR_195, 36.37, 0.274552, Fan On
IR_196, 18.17, 0.217782, Stable
IR_197, 39.81, 0.282028, Fan On
IR_198, 13.82, 0.199452, Stable
IR_199, 34.54, 0.273089, Stable
IR_200, 28.59, 0.249646, Stable
IR_201, 0.63, 0.170600, Heater On
IR_202, 23.87, 0.237491, Stable
IR_203, 1.67, 0.173020, Heater On
IR_204, 31.88, 0.254849, Stable
IR_205, 18.70, 0.220299, Stable
IR_206, 18.74, 0.216856, Stable
IR_207, 38.51, 0.287662, Fan On
IR_208, 28.00, 0.248960, Stable
IR_209, 32.36, 0.258145, Stable
IR_210, 31.17, 0.259088, Stable
IR_211, 6.84, 0.183435, Stable
IR_212, 12.55, 0.198563, Stable
IR_213, 31.23, 0.255346, Stable
IR_214, 16.76, 0.213665, Stable
IR_215, 36.49, 0.273907, Fan On
IR_216, 6.27, 0.183055, Stable
IR_217, 40.81, 0.290573, Fan On
IR_218, 19.25, 0.219785, Stable
IR_219, 30.18, 0.255787, Stable
IR_220, 33.13, 0.258837, Stable
IR_221, 1.15, 0.169478, Heater On
IR_222, 3.29, 0.172729, Heater On
IR_223, 7.65, 0.188837, Stable
IR_224, 43.12, 0.298841, Fan On
IR_225, 18.12, 0.214301, Stable
IR_226, 13.97, 0.200306, Stable
IR_227, 42.93, 0.297931, Fan On
IR_228, 27.47, 0.242263, Stable
IR_229, 56.36, 0.349184, Fan On
IR_230, 31.52, 0.255484, Stable
IR_231, 49.33, 0.324832, Fan On
IR_232, 41.50, 0.290073, Fan On
IR_233, 32.42, 0.266288, Stable
IR_234, 5.14, 0.182331, Heater On
IR_235, 29.19, 0.249544, Stable
IR_236, 46.47, 0.315539, Fan On
IR_237, 0.21, 0.165898, Heater On
IR_238, 57.20, 0.351952, Fan On
IR_239, 23.62, 0.230564, Stable
IR_240, 23.84, 0.236670, Stable
IR_241, 12.60, 0.198833, Stable
IR_242, 3.70, 0.175743, Heater On
IR_243, 43.14, 0.300384, Fan On
IR_244, 23.81, 0.237679, Stable
IR_245, 46.88, 0.309496, Fan On
IR_246, 23.35, 0.227114, Stable
IR_247, 25.08, 0.240343, Stable
IR_248, 37.71, 0.283094, Fan On
IR_249, 17.82, 0.214959, Stable
IR_250, 34.11, 0.262054, Stable
IR_251, 58.52, 0.357210, Fan On
IR_252, 59.79, 0.365422, Fan On
IR_253, 47.92, 0.320437, Fan On
IR_254, 42.25, 0.298267, Fan On
IR_255, 45.45, 0.308325, Fan On
IR_256, 9.18, 0.189239, Stable
IR_257, 54.69, 0.351772, Fan On
IR_258, 20.94, 0.228546, Stable
IR_259, 25.76, 0.240086, Stable
IR_260, 44.12, 0.305685, Fan On
IR_261, 47.58, 0.316371, Fan On
IR_262, 22.99, 0.229746, Stable
IR_263, 40.30, 0.286744, Fan On
IR_264, 17.13, 0.212769, Stable
IR_265, 4.83, 0.176842, Heater On
IR_266, 16.58, 0.213924, Stable
IR_267, 7.27, 0.188160, Stable
IR_268, 55.04, 0.351644, Fan On
IR_269, 17.04, 0.210399, Stable
IR_270, 10.51, 0.190683, Stable
IR_271, 31.94, 0.256940, Stable
IR_272, 55.10, 0.346151, Fan On
IR_273, 23.99, 0.237777, Stable
IR_274, 18.35, 0.216419, Stable
IR_275, 13.57, 0.206000, Stable
IR_276, 14.50, 0.208680, Stable
IR_277, 26.82, 0.238326, Stable
IR_278, 48.53, 0.324945, Fan On
IR_279, 23.67, 0.232290, Stable
IR_280, 18.94, 0.216924, Stable
IR_281, 17.23, 0.212760, Stable
IR_282, 25.62, 0.240301, Stable
IR_283, 36.69, 0.277003, Fan On
IR_284, 45.37, 0.305954, Fan On
IR_285, 3.91, 0.172932, Heater On
IR_286, 29.00, 0.254145, Stable
IR_287, 1.67, 0.169710, Heater On
IR_288, 41.09, 0.296800, Fan On
IR_289, 0.84, 0.167521, Heater On
IR_290, 9.36, 0.187204, Stable
IR_291, 33.90, 0.268798, Stable
IR_292, 58.00, 0.363110, Fan On
IR_293, 1.30, 0.173709, Heater On
IR_294, 58.80, 0.365726, Fan On
IR_295, 33.16, 0.258677, Stable
IR_296, 58.22, 0.360216, Fan On
IR_297, 7.12, 0.181541, Stable
IR_298, 24.51, 0.239528, Stable
IR_299, 35.41, 0.274748, Fan On
IR_300, 5.55, 0.184352, Heater On
IR_301, 37.98, 0.285050, Fan On
IR_302, 50.23, 0.325928, Fan On
IR_303, 10.13, 0.189086, Stable
IR_304, 20.71, 0.225221, Stable
IR_305, 16.76, 0.210195, Stable
IR_306, 27.12, 0.243367, Stable
IR_307, 53.84, 0.336473, Fan On
IR_308, 1.16, 0.171262, Heater On
IR_309, 40.81, 0.289175, Fan On
IR_310, 0.00, 0.163912, Heater On
IR_311, 29.38, 0.247525, Stable
IR_312, 46.98, 0.317098, Fan On
IR_313, 57.83, 0.363675, Fan On
IR_314, 19.14, 0.215509, Stable
IR_315, 21.35, 0.227823, Stable
IR_316, 19.73, 0.221252, Stable
IR_317, 12.22, 0.197771, Stable
IR_318, 9.33, 0.191879, Stable
IR_319, 24.91, 0.234222, Stable
IR_320, 41.56, 0.295062, Fan On
IR_321, 36.34, 0.275679, Fan On
IR_322, 17.91, 0.218027, Stable
IR_323, 17.35, 0.211027, Stable
IR_324, 15.14, 0.209059, Stable
IR_325, 13.94, 0.203703, Stable
IR_326, 40.97, 0.291274, Fan On
IR_327, 42.19, 0.297953, Fan On
IR_328, 43.66, 0.297418, Fan On
IR_329, 10.48, 0.196152, Stable
IR_330, 48.54, 0.322931, Fan On
IR_331, 39.81, 0.285967, Fan On
IR_332, 0.28, 0.166022, Heater On
IR_333, 20.38, 0.224982, Stable
IR_334, 31.68, 0.254973, Stable
IR_335, 18.15, 0.211774, Stable
IR_336, 25.29, 0.233303, Stable
IR_337, 40.16, 0.291092, Fan On
IR_338, 58.22, 0.366202, Fan On
IR_339, 15.81, 0.211021, Stable
IR_340, 39.37, 0.285291, Fan On
IR_341, 22.41, 0.226042, Stable
IR_342, 51.23, 0.337114, Fan On
IR_343, 13.62, 0.200670, Stable
IR_344, 45.51, 0.311575, Fan On
IR_345, 49.84, 0.323553, Fan On
IR_346, 51.45, 0.336163, Fan On
IR_347, 52.97, 0.337077, Fan On
IR_348, 51.80, 0.339002, Fan On
IR_349, 47.37, 0.322122, Fan On
IR_350, 12.88, 0.196492, Stable
IR_351, 17.02, 0.214059, Stable
IR_352, 39.98, 0.283527, Fan On
IR_353, 52.36, 0.337533, Fan On
IR_354, 59.55, 0.367066, Fan On
IR_355, 57.51, 0.359664, Fan On
IR_356, 30.20, 0.254940, Stable
IR_357, 36.22, 0.271586, Fan On
IR_358, 7.70, 0.188880, Stable
IR_359, 37.83, 0.278280, Fan On
IR_360, 16.19, 0.208313, Stable
IR_361, 16.55, 0.215009, Stable
IR_362, 27.35, 0.247965, Stable
IR_363, 22.81, 0.226893, Stable
IR_364, 14.78, 0.206192, Stable
IR_365, 48.31, 0.325501, Fan On
IR_366, 6.41, 0.182435, Stable
IR_367, 30.30, 0.253215, Stable
IR_368, 27.76, 0.241834, Stable
IR_369, 34.91, 0.270248, Stable
IR_370, 3.63, 0.175811, Heater On
IR_371, 2.83, 0.174648, Heater On
IR_372, 30.41, 0.256474, Stable
IR_373, 13.73, 0.205197, Stable
IR_374, 49.93, 0.322463, Fan On
IR_375, 28.76, 0.252164, Stable
IR_376, 56.30, 0.359060, Fan On
IR_377, 7.28, 0.185307, Stable
IR_378, 55.48, 0.345800, Fan On
IR_379, 8.19, 0.190464, Stable
IR_380, 46.67, 0.317858, Fan On
IR_381, 12.41, 0.202238, Stable
IR_382, 20.72, 0.224115, Stable
IR_383, 34.20, 0.265031, Stable
IR_384, 21.93, 0.230816, Stable
IR_385, 48.63, 0.323871, Fan On
IR_386, 25.32, 0.239134, Stable
IR_387, 44.36, 0.302058, Fan On
IR_388, 16.84, 0.211941, Stable
IR_389, 16.90, 0.216143, Stable
IR_390, 18.15, 0.213541, Stable
IR_391, 29.60, 0.253406, Stable
IR_392, 29.97, 0.251476, Stable
IR_393, 56.52, 0.358531, Fan On
IR_394, 35.80, 0.269242, Fan On
IR_395, 35.37, 0.269270, Fan On
IR_396, 8.45, 0.191359, Stable
IR_397, 46.73, 0.309034, Fan On
IR_398, 9.76, 0.192988, Stable
IR_399, 41.80, 0.297746, Fan On
IR_400, 40.36, 0.293182, Fan On
IR_401, 22.65, 0.232171, Stable
IR_402, 6.82, 0.184869, Stable
IR_403, 14.40, 0.206932, Stable
IR_404, 57.51, 0.357327, Fan On
IR_405, 40.73, 0.290236, Fan On
IR_406, 44.76, 0.301425, Fan On
IR_407, 18.59, 0.215127, Stable
IR_408, 35.40, 0.270925, Fan On
IR_409, 25.16, 0.235001, Stable
IR_410, 8.02, 0.189247, Stable
IR_411, 47.49, 0.312024, Fan On
IR_412, 18.02, 0.213565, Stable
IR_413, 1.87, 0.169792, Heater On
IR_414, 30.09, 0.254229, Stable
IR_415, 5.94, 0.180987, Heater On
IR_416, 16.82, 0.214118, Stable
IR_417, 31.58, 0.260181, Stable
IR_418, 20.59, 0.220829, Stable
IR_419, 26.94, 0.247354, Stable
IR_420, 29.70, 0.250371, Stable
IR_421, 31.46, 0.261554, Stable
IR_422, 50.50, 0.331572, Fan On
IR_423, 15.59, 0.212347, Stable
IR_424, 12.46, 0.202040, Stable
IR_425, 7.25, 0.181603, Stable
IR_426, 17.33, 0.211628, Stable
IR_427, 47.47, 0.316332, Fan On
IR_428, 12.11, 0.202478, Stable
IR_429, 16.81, 0.209505, Stable
IR_430, 0.88, 0.169559, Heater On
IR_431, 4.03, 0.173797, Heater On
IR_432, 26.77, 0.237749, Stable
IR_433, 41.22, 0.289175, Fan On
IR_434, 24.55, 0.231221, Stable
IR_435, 38.59, 0.283749, Fan On
IR_436, 17.16, 0.211888, Stable
IR_437, 20.76, 0.220974, Stable
IR_438, 8.22, 0.186914, Stable
IR_439, 7.86, 0.187372, Stable
IR_440, 47.45, 0.317569, Fan On
IR_441, 25.13, 0.241302, Stable
IR_442, 54.42, 0.338873, Fan On
IR_443, 47.50, 0.316438, Fan On
IR_444, 46.21, 0.312673, Fan On
IR_445, 38.83, 0.278898, Fan On
IR_446, 59.19, 0.367313, Fan On
IR_447, 53.21, 0.344683, Fan On
IR_448, 14.97, 0.204016, Stable
IR_449, 33.33, 0.265886, Stable
IR_450, 19.25, 0.223050, Stable
IR_451, 42.86, 0.303536, Fan On
IR_452, 42.44, 0.295328, Fan On
IR_453, 23.92, 0.234058, Stable
IR_454, 39.15, 0.290181, Fan On
IR_455, 42.43, 0.301387, Fan On
IR_456, 17.83, 0.211514, Stable
IR_457, 57.09, 0.359599, Fan On
IR_458, 42.06, 0.299966, Fan On
IR_459, 22.41, 0.230620, Stable
IR_460, 17.52, 0.209763, Stable
IR_461, 3.54, 0.172071, Heater On
IR_462, 19.88, 0.223227, Stable
IR_463, 59.88, 0.362834, Fan On
IR_464, 22.10, 0.229125, Stable
IR_465, 15.13, 0.207982, Stable
IR_466, 47.87, 0.315933, Fan On
IR_467, 10.15, 0.189462, Stable
IR_468, 2.11, 0.171726, Heater On
IR_469, 12.15, 0.198917, Stable
IR_470, 16.61, 0.210500, Stable
IR_471, 55.61, 0.345387, Fan On
IR_472, 25.64, 0.237956, Stable
IR_473, 9.77, 0.191844, Stable
IR_474, 23.80, 0.229938, Stable
IR_475, 48.69, 0.325424, Fan On
IR_476, 24.90, 0.239000, Stable
IR_477, 10.16, 0.193949, Stable
IR_478, 12.86, 0.204010, Stable
IR_479, 45.48, 0.303154, Fan On
IR_480, 45.78, 0.315780, Fan On
IR_481, 5.05, 0.180217, Heater On
IR_482, 11.42, 0.198847, Stable
IR_483, 25.90, 0.243416, Stable
IR_484, 22.07, 0.226355, Stable
IR_485, 9.76, 0.192009, Stable
IR_486, 54.68, 0.349189, Fan On
IR_487, 43.46, 0.300912, Fan On
IR_488, 28.81, 0.253402, Stable
IR_489, 18.15, 0.216013, Stable
IR_490, 53.42, 0.345670, Fan On
IR_491, 22.58, 0.231665, Stable
IR_492, 23.13, 0.232572, Stable
IR_493, 30.98, 0.256589, Stable
IR_494, 25.89, 0.235526, Stable
IR_495, 8.34, 0.188942, Stable
IR_496, 54.78, 0.345138, Fan On
IR_497, 42.24, 0.297923, Fan On
IR_498, 1.17, 0.173211, Heater On
IR_499, 37.18, 0.281254, Fan On
IR_500, 51.76, 0.330551, Fan On
IR_501, 24.64, 0.234654, Stable
IR_502, 42.41, 0.302031, Fan On
IR_503, 6.57, 0.186054, Stable
IR_504, 34.60, 0.268257, Stable
IR_505, 53.15, 0.337972, Fan On
IR_506, 24.40, 0.230327, Stable
IR_507, 20.09, 0.221542, Stable
IR_508, 11.56, 0.194157, Stable
IR_509, 54.22, 0.346353, Fan On
IR_510, 56.96, 0.349363, Fan On
IR_511, 11.32, 0.197133, Stable
IR_512, 7.19, 0.184758, Stable
IR_513, 1.75, 0.173244, Heater On
IR_514, 31.01, 0.256023, Stable
IR_515, 46.06, 0.306578, Fan On
IR_516, 29.90, 0.253549, Stable
IR_517, 53.01, 0.335919, Fan On
IR_518, 31.48, 0.260914, Stable
IR_519, 5.32, 0.181799, Heater On
IR_520, 44.30, 0.303322, Fan On
IR_521, 18.76, 0.219476, Stable
IR_522, 38.63, 0.284586, Fan On
IR_523, 34.14, 0.269291, Stable
IR_524, 20.71, 0.220311, Stable
IR_525, 56.47, 0.352127, Fan On
IR_526, 54.28, 0.347712, Fan On
IR_527, 24.66, 0.234963, Stable
IR_528, 39.92, 0.285843, Fan On
IR_529, 51.80, 0.331449, Fan On
IR_530, 32.67, 0.262654, Stable
IR_531, 59.16, 0.369140, Fan On
IR_532, 46.43, 0.315267, Fan On
IR_533, 51.79, 0.331915, Fan On
IR_534, 14.29, 0.201544, Stable
IR_535, 16.94, 0.210239, Stable
IR_536, 2.76, 0.174580, Heater On
IR_537, 10.21, 0.192909, Stable
IR_538, 5.34, 0.182440, Heater On
IR_539, 29.79, 0.252578, Stable
IR_540, 15.13, 0.209783, Stable
IR_541, 2.61, 0.175443, Heater On
IR_542, 8.70, 0.185768, Stable
IR_543, 27.87, 0.242457, Stable
IR_544, 48.63, 0.321503, Fan On
IR_545, 39.35, 0.289656, Fan On
IR_546, 8.12, 0.190575, Stable
IR_547, 59.99, 0.367194, Fan On
IR_548, 32.92, 0.257853, Stable
IR_549, 21.49, 0.222016, Stable
IR_550, 7.74, 0.190068, Stable
IR_551, 46.09, 0.312008, Fan On
IR_552, 47.02, 0.313554, Fan On
IR_553, 23.42, 0.234291, Stable
IR_554, 24.02, 0.231265, Stable
IR_555, 4.22, 0.174499, Heater On
IR_556, 13.45, 0.198435, Stable
IR_557, 48.80, 0.322507, Fan On
IR_558, 36.56, 0.279214, Fan On
IR_559, 27.87, 0.245681, Stable
IR_560, 5.93, 0.179019, Heater On
IR_561, 16.89, 0.209484, Stable
IR_562, 1.96, 0.174312, Heater On
IR_563, 31.80, 0.258178, Stable
IR_564, 35.03, 0.270946, Fan On
IR_565, 15.71, 0.206054, Stable
IR_566, 24.73, 0.240440, Stable
IR_567, 14.30, 0.202998, Stable
IR_568, 54.77, 0.347060, Fan On
IR_569, 15.01, 0.203621, Stable
IR_570, 24.36, 0.230941, Stable
IR_571, 46.81, 0.310885, Fan On
IR_572, 0.70, 0.165351, Heater On
IR_573, 21.31, 0.226527, Stable
IR_574, 1.54, 0.173071, Heater On
IR_575, 8.44, 0.185720, Stable
IR_576, 35.64, 0.273698, Fan On
IR_577, 20.46, 0.220242, Stable
IR_578, 36.66, 0.279383, Fan On
IR_579, 50.04, 0.332448, Fan On
IR_580, 4.82, 0.181047, Heater On
IR_581, 39.25, 0.287577, Fan On
IR_582, 10.25, 0.196279, Stable
IR_583, 27.66, 0.248268, Stable
IR_584, 35.88, 0.269263, Fan On
IR_585, 40.45, 0.284466, Fan On
IR_586, 29.20, 0.246155, Stable
IR_587, 39.02, 0.281945, Fan On
IR_588, 48.37, 0.321439, Fan On
IR_589, 52.96, 0.343439, Fan On
IR_590, 40.47, 0.292552, Fan On
IR_591, 13.17, 0.200931, Stable
IR_592, 15.58, 0.211622, Stable
IR_593, 46.80, 0.310725, Fan On
IR_594, 24.90, 0.232946, Stable
IR_595, 42.25, 0.300080, Fan On
IR_596, 13.16, 0.203607, Stable
IR_597, 29.98, 0.253907, Stable
IR_598, 30.04, 0.253579, Stable
IR_599, 7.22, 0.183774, Stable
IR_600, 31.42, 0.253362, Stable
IR_601, 5.40, 0.178960, Heater On
IR_602, 53.48, 0.336291, Fan On
IR_603, 19.23, 0.218275, Stable
IR_604, 9.57, 0.194889, Stable
IR_605, 29.58, 0.252811, Stable
IR_606, 5.11, 0.177860, Heater On
IR_607, 57.79, 0.355919, Fan On
IR_608, 2.40, 0.172707, Heater On
IR_609, 21.00, 0.225588, Stable
IR_610, 14.36, 0.202593, Stable
IR_611, 5.25, 0.180725, Heater On
IR_612, 0.22, 0.169894, Heater On
IR_613, 1.75, 0.169676, Heater On
IR_614, 17.20, 0.212872, Stable
IR_615, 35.74, 0.274595, Fan On
IR_616, 48.87, 0.320222, Fan On
IR_617, 34.36, 0.263706, Stable
IR_618, 52.86, 0.333350, Fan On
IR_619, 53.25, 0.341729, Fan On
IR_620, 8.65, 0.189411, Stable
IR_621, 5.37, 0.178605, Heater On
IR_622, 52.77, 0.335148, Fan On
IR_623, 47.25, 0.313460, Fan On
IR_624, 9.65, 0.189033, Stable
IR_625, 59.36, 0.361101, Fan On
IR_626, 25.85, 0.237946, Stable
IR_627, 18.55, 0.216360, Stable
IR_628, 24.97, 0.239990, Stable
IR_629, 44.35, 0.303758, Fan On
IR_630, 30.32, 0.255101, Stable
IR_631, 15.68, 0.206906, Stable
IR_632, 29.74, 0.254122, Stable
IR_633, 0.15, 0.167005, Heater On
IR_634, 58.01, 0.363215, Fan On
IR_635, 3.72, 0.176139, Heater On
IR_636, 39.23, 0.287721, Fan On
IR_637, 50.49, 0.329622, Fan On
IR_638, 0.46, 0.165883, Heater On
IR_639, 1.58, 0.166990, Heater On
IR_640, 22.10, 0.227786, Stable
IR_641, 35.98, 0.272761, Fan On
IR_642, 7.51, 0.188283, Stable
IR_643, 55.63, 0.350329, Fan On
IR_644, 52.81, 0.336502, Fan On
IR_645, 0.64, 0.169562, Heater On
IR_646, 22.98, 0.230094, Stable
IR_647, 56.97, 0.359199, Fan On
IR_648, 57.26, 0.353506, Fan On
IR_649, 41.09, 0.287563, Fan On
IR_650, 17.46, 0.216458, Stable
IR_651, 5.48, 0.179672, Heater On
IR_652, 33.71, 0.270651, Stable
IR_653, 43.40, 0.299458, Fan On
IR_654, 53.57, 0.345990, Fan On
IR_655, 37.69, 0.280748, Fan On
IR_656, 50.90, 0.326547, Fan On
IR_657, 11.45, 0.198182, Stable
IR_658, 0.63, 0.170149, Heater On
IR_659, 20.24, 0.220353, Stable
IR_660, 10.79, 0.190737, Stable
IR_661, 57.12, 0.351926, Fan On
IR_662, 46.63, 0.314504, Fan On
IR_663, 11.11, 0.198274, Stable
IR_664, 5.78, 0.180990, Heater On
IR_665, 1.88, 0.171105, Heater On
IR_666, 14.74, 0.202040, Stable
IR_667, 45.49, 0.307296, Fan On
IR_668, 38.58, 0.281956, Fan On
IR_669, 58.55, 0.366947, Fan On
IR_670, 17.22, 0.214953, Stable
IR_671, 32.22, 0.264834, Stable
IR_672, 8.88, 0.190116, Stable
IR_673, 16.56, 0.209290, Stable
IR_674, 1.46, 0.169980, Heater On
IR_675, 10.18, 0.193130, Stable
IR_676, 4.81, 0.176358, Heater On
IR_677, 28.53, 0.243870, Stable
IR_678, 10.55, 0.195298, Stable
IR_679, 29.42, 0.248640, Stable
IR_680, 43.77, 0.302336, Fan On
IR_681, 52.77, 0.339551, Fan On
IR_682, 18.84, 0.214498, Stable
IR_683, 50.47, 0.324949, Fan On
IR_684, 34.35, 0.268310, Stable
IR_685, 11.07, 0.194368, Stable
IR_686, 34.39, 0.266830, Stable
IR_687, 51.14, 0.331302, Fan On
IR_688, 15.35, 0.207256, Stable
IR_689, 0.92, 0.170357, Heater On
IR_690, 48.89, 0.317957, Fan On
IR_691, 3.00, 0.177842, Heater On
IR_692, 47.17, 0.316565, Fan On
IR_693, 18.03, 0.218281, Stable
IR_694, 19.06, 0.215231, Stable
IR_695, 50.61, 0.330441, Fan On
IR_696, 28.93, 0.253188, Stable
IR_697, 52.25, 0.339260, Fan On
IR_698, 9.01, 0.191998, Stable
IR_699, 44.05, 0.302222, Fan On
IR_700, 32.73, 0.261290, Stable
IR_701, 44.46, 0.303418, Fan On
IR_702, 41.20, 0.291712, Fan On
IR_703, 35.39, 0.273096, Fan On
IR_704, 8.34, 0.185025, Stable
IR_705, 22.49, 0.229926, Stable
IR_706, 34.89, 0.274680, Stable
IR_707, 31.28, 0.259547, Stable
IR_708, 47.07, 0.316292, Fan On
IR_709, 24.69, 0.231990, Stable
IR_710, 34.30, 0.269554, Stable
IR_711, 22.63, 0.233643, Stable
IR_712, 2.56, 0.172825, Heater On
IR_713, 22.46, 0.224396, Stable
IR_714, 7.10, 0.185315, Stable
IR_715, 54.38, 0.341282, Fan On
IR_716, 2.33, 0.172333, Heater On
IR_717, 18.13, 0.217690, Stable
IR_718, 25.84, 0.237500, Stable
IR_719, 22.83, 0.229761, Stable
IR_720, 35.25, 0.267755, Fan On
IR_721, 12.29, 0.195131, Stable
IR_722, 18.81, 0.221732, Stable
IR_723, 21.60, 0.224909, Stable
IR_724, 9.67, 0.194272, Stable
IR_725, 8.28, 0.190337, Stable
IR_726, 56.30, 0.354052, Fan On
IR_727, 45.61, 0.305924, Fan On
IR_728, 27.63, 0.248841, Stable
IR_729, 6.22, 0.179798, Stable
IR_730, 17.59, 0.210960, Stable
IR_731, 16.99, 0.212347, Stable
IR_732, 2.97, 0.175918, Heater On
IR_733, 47.49, 0.315185, Fan On
IR_734, 9.64, 0.191833, Stable
IR_735, 23.46, 0.233244, Stable
IR_736, 49.87, 0.330869, Fan On
IR_737, 4.95, 0.176058, Heater On
IR_738, 5.50, 0.178769, Heater On
IR_739, 47.97, 0.313739, Fan On
IR_740, 49.43, 0.323569, Fan On
IR_741, 36.95, 0.272496, Fan On
IR_742, 40.05, 0.288250, Fan On
IR_743, 39.42, 0.280553, Fan On
IR_744, 41.13, 0.296627, Fan On
IR_745, 29.94, 0.256333, Stable
IR_746, 18.06, 0.211065, Stable
IR_747, 51.97, 0.329333, Fan On
IR_748, 56.12, 0.351498, Fan On
IR_749, 28.63, 0.249435, Stable
IR_750, 24.19, 0.233681, Stable
IR_751, 51.80, 0.335915, Fan On
IR_752, 9.54, 0.194678, Stable
IR_753, 23.40, 0.229454, Stable
IR_754, 42.41, 0.302374, Fan On
IR_755, 36.49, 0.270220, Fan On
IR_756, 7.20, 0.181859, Stable
IR_757, 42.38, 0.293253, Fan On
IR_758, 38.44, 0.284477, Fan On
IR_759, 48.47, 0.322198, Fan On
IR_760, 6.50, 0.187045, Stable
IR_761, 25.47, 0.235460, Stable
IR_762, 1.07, 0.171364, Heater On
IR_763, 16.23, 0.206424, Stable
IR_764, 34.42, 0.270451, Stable
IR_765, 25.97, 0.242322, Stable
IR_766, 56.01, 0.353077, Fan On
IR_767, 2.12, 0.173734, Heater On
IR_768, 3.79, 0.174911, Heater On
IR_769, 51.31, 0.326838, Fan On
IR_770, 7.22, 0.181377, Stable
IR_771, 10.20, 0.195491, Stable
IR_772, 17.95, 0.211086, Stable
IR_773, 9.35, 0.192088, Stable
IR_774, 26.94, 0.244592, Stable
IR_775, 29.30, 0.246790, Stable
IR_776, 33.61, 0.270262, Stable
IR_777, 55.89, 0.349125, Fan On
IR_778, 1.81, 0.174701, Heater On
IR_779, 34.15, 0.270041, Stable
IR_780, 39.84, 0.289622, Fan On
IR_781, 59.92, 0.370445, Fan On
IR_782, 4.77, 0.177180, Heater On
IR_783, 13.25, 0.202769, Stable
IR_784, 38.07, 0.284320, Fan On
IR_785, 23.51, 0.231727, Stable
IR_786, 55.50, 0.348891, Fan On
IR_787, 47.17, 0.319856, Fan On
IR_788, 35.38, 0.272842, Fan On
IR_789, 53.87, 0.340739, Fan On
IR_790, 46.54, 0.314842, Fan On
IR_791, 2.98, 0.171841, Heater On
IR_792, 46.37, 0.308844, Fan On
IR_793, 24.96, 0.239029, Stable
IR_794, 0.97, 0.165591, Heater On
IR_795, 54.60, 0.350995, Fan On
IR_796, 20.74, 0.221923, Stable
IR_797, 19.16, 0.222468, Stable
IR_798, 57.53, 0.362939, Fan On
IR_799, 16.14, 0.206438, Stable
IR_800, 47.13, 0.312446, Fan On
IR_801, 52.73, 0.336237, Fan On
IR_802, 57.78, 0.357007, Fan On
IR_803, 27.05, 0.244169, Stable
IR_804, 34.89, 0.265903, Stable
IR_805, 17.36, 0.210294, Stable
IR_806, 0.81, 0.166631, Heater On
IR_807, 50.37, 0.327729, Fan On
IR_808, 22.73, 0.229172, Stable
IR_809, 32.43, 0.256599, Stable
IR_810, 21.81, 0.225944, Stable
IR_811, 30.94, 0.251665, Stable
IR_812, 11.94, 0.200412, Stable
IR_813, 20.78, 0.226284, Stable
IR_814, 46.78, 0.315236, Fan On
IR_815, 6.24, 0.182307, Stable
IR_816, 24.52, 0.234370, Stable
IR_817, 18.08, 0.212166, Stable
IR_818, 10.09, 0.191714, Stable
IR_819, 4.58, 0.179233, Heater On
IR_820, 18.32, 0.219392, Stable
IR_821, 52.50, 0.334184, Fan On
IR_822, 48.34, 0.319040, Fan On
IR_823, 49.16, 0.328788, Fan On
IR_824, 59.48, 0.360230, Fan On
IR_825, 46.36, 0.308050, Fan On
IR_826, 37.88, 0.280636, Fan On
IR_827, 8.73, 0.188628, Stable
IR_828, 14.66, 0.209493, Stable
IR_829, 17.77, 0.215604, Stable
IR_830, 27.65, 0.249623, Stable
IR_831, 38.81, 0.285843, Fan On
IR_832, 50.22, 0.323152, Fan On
IR_833, 36.58, 0.272874, Fan On
IR_834, 43.46, 0.303161, Fan On
IR_835, 16.10, 0.210987, Stable
IR_836, 46.31, 0.306444, Fan On
IR_837, 5.00, 0.177159, Heater On
IR_838, 20.80, 0.224655, Stable
IR_839, 29.24, 0.251911, Stable
IR_840, 7.40, 0.185649, Stable
IR_841, 27.89, 0.243267, Stable
IR_842, 32.91, 0.265035, Stable
IR_843, 5.64, 0.178004, Heater On
IR_844, 51.82, 0.340264, Fan On
IR_845, 11.46, 0.199900, Stable
IR_846, 5.51, 0.184171, Heater On
IR_847, 25.98, 0.240932, Stable
IR_848, 41.13, 0.296958, Fan On
IR_849, 56.40, 0.350743, Fan On
IR_850, 22.00, 0.231674, Stable
IR_851, 33.00, 0.258867, Stable
IR_852, 21.14, 0.228308, Stable
IR_853, 36.59, 0.276032, Fan On
IR_854, 32.50, 0.257207, Stable
IR_855, 15.52, 0.206326, Stable
IR_856, 11.39, 0.194623, Stable
IR_857, 4.63, 0.177896, Heater On
IR_858, 0.93, 0.168725, Heater On
IR_859, 39.11, 0.285868, Fan On
IR_860, 57.48, 0.358739, Fan On
IR_861, 56.30, 0.350726, Fan On
IR_862, 28.36, 0.252251, Stable
IR_863, 27.27, 0.246633, Stable
IR_864, 10.07, 0.194256, Stable
IR_865, 46.42, 0.311204, Fan On
IR_866, 41.99, 0.291912, Fan On
IR_867, 3.53, 0.178063, Heater On
IR_868, 46.82, 0.314736, Fan On
IR_869, 52.51, 0.331875, Fan On
IR_870, 32.73, 0.267014, Stable
IR_871, 19.27, 0.215322, Stable
IR_872, 30.36, 0.249491, Stable
IR_873, 34.41, 0.266976, Stable
IR_874, 6.17, 0.185577, Stable
IR_875, 15.86, 0.208235, Stable
IR_876, 15.03, 0.209870, Stable
IR_877, 5.51, 0.183244, Heater On
IR_878, 24.91, 0.232328, Stable
IR_879, 19.12, 0.216306, Stable
IR_880, 19.19, 0.222153, Stable
IR_881, 51.52, 0.333210, Fan On
IR_882, 15.62, 0.205129, Stable
IR_883, 55.75, 0.354662, Fan On
IR_884, 23.23, 0.229516, Stable
IR_885, 11.12, 0.191841, Stable
IR_886, 3.88, 0.176389, Heater On
IR_887, 42.07, 0.291114, Fan On
IR_888, 22.01, 0.229777, Stable
IR_889, 33.84, 0.270448, Stable
IR_890, 3.10, 0.174557, Heater On
IR_891, 22.38, 0.229851, Stable
IR_892, 54.30, 0.345978, Fan On
IR_893, 37.83, 0.282880, Fan On
IR_894, 8.36, 0.188288, Stable
IR_895, 10.08, 0.190000, Stable
IR_896, 37.03, 0.275736, Fan On
IR_897, 17.24, 0.210329, Stable
IR_898, 27.28, 0.244840, Stable
IR_899, 54.57, 0.343884, Fan On
IR_900, 42.48, 0.292474, Fan On
IR_901, 39.14, 0.285061, Fan On
IR_902, 3.36, 0.177024, Heater On
IR_903, 7.10, 0.182995, Stable
IR_904, 58.13, 0.355846, Fan On
IR_905, 32.67, 0.266365, Stable
IR_906, 44.08, 0.303666, Fan On
IR_907, 24.92, 0.234024, Stable
IR_908, 36.24, 0.277095, Fan On
IR_909, 15.53, 0.206633, Stable
IR_910, 20.30, 0.221487, Stable
IR_911, 40.89, 0.285909, Fan On
IR_912, 26.20, 0.240009, Stable
IR_913, 52.74, 0.342730, Fan On
IR_914, 14.40, 0.202257, Stable
IR_915, 12.32, 0.201598, Stable
IR_916, 24.93, 0.232140, Stable
IR_917, 6.80, 0.181783, Stable
IR_918, 6.42, 0.185815, Stable
IR_919, 12.59, 0.203236, Stable
IR_920, 24.51, 0.232839, Stable
IR_921, 44.19, 0.304479, Fan On
IR_922, 48.80, 0.316111, Fan On
IR_923, 59.01, 0.366228, Fan On
IR_924, 18.78, 0.221560, Stable
IR_925, 29.25, 0.248970, Stable
IR_926, 29.65, 0.256329, Stable
IR_927, 36.76, 0.272648, Fan On
IR_928, 40.49, 0.284900, Fan On
IR_929, 52.60, 0.336485, Fan On
IR_930, 49.44, 0.326959, Fan On
IR_931, 10.61, 0.190537, Stable
IR_932, 55.54, 0.346328, Fan On
IR_933, 45.12, 0.309756, Fan On
IR_934, 3.29, 0.178117, Heater On
IR_935, 18.42, 0.215633, Stable
IR_936, 13.42, 0.202786, Stable
IR_937, 14.80, 0.204473, Stable
IR_938, 2.44, 0.171808, Heater On
IR_939, 35.18, 0.266056, Fan On
IR_940, 31.00, 0.253312, Stable
IR_941, 10.31, 0.192969, Stable
IR_942, 43.22, 0.305431, Fan On
IR_943, 42.69, 0.300969, Fan On
IR_944, 58.22, 0.358184, Fan On
IR_945, 37.88, 0.283880, Fan On
IR_946, 2.70, 0.176429, Heater On
IR_947, 38.43, 0.284073, Fan On
IR_948, 10.40, 0.195967, Stable
IR_949, 1.00, 0.166209, Heater On
IR_950, 44.97, 0.301117, Fan On
IR_951, 39.47, 0.287757, Fan On
IR_952, 23.52, 0.229507, Stable
IR_953, 54.47, 0.348925, Fan On
IR_954, 15.71, 0.209415, Stable
IR_955, 25.63, 0.240571, Stable
IR_956, 3.66, 0.172744, Heater On
IR_957, 53.64, 0.346518, Fan On
IR_958, 45.66, 0.311438, Fan On
IR_959, 48.22, 0.320485, Fan On
IR_960, 6.02, 0.185633, Stable
IR_961, 27.47, 0.243474, Stable
IR_962, 22.38, 0.227022, Stable
IR_963, 1.65, 0.167323, Heater On
IR_964, 59.69, 0.367181, Fan On
IR_965, 9.72, 0.191158, Stable
IR_966, 54.53, 0.341370, Fan On
IR_967, 7.51, 0.184176, Stable
IR_968, 15.16, 0.208077, Stable
IR_969, 49.13, 0.326708, Fan On
IR_970, 11.38, 0.200121, Stable
IR_971, 5.19, 0.177707, Heater On
IR_972, 46.33, 0.311594, Fan On
IR_973, 2.46, 0.175334, Heater On
IR_974, 36.63, 0.281044, Fan On
IR_975, 47.38, 0.312673, Fan On
IR_976, 35.09, 0.269781, Fan On
IR_977, 23.85, 0.233065, Stable
IR_978, 3.99, 0.178302, Heater On
IR_979, 13.57, 0.200238, Stable
IR_980, 39.97, 0.288140, Fan On
IR_981, 19.64, 0.216966, Stable
IR_982, 15.81, 0.206541, Stable
IR_983, 6.48, 0.185006, Stable
IR_984, 7.49, 0.187900, Stable
IR_985, 30.16, 0.253102, Stable
IR_986, 0.62, 0.168238, Heater On
IR_987, 22.72, 0.234068, Stable
IR_988, 22.61, 0.232425, Stable
IR_989, 53.14, 0.342881, Fan On
IR_990, 53.65, 0.347504, Fan On
IR_991, 1.60, 0.172980, Heater On
IR_992, 55.41, 0.344974, Fan On
IR_993, 17.80, 0.217621, Stable
IR_994, 56.20, 0.351922, Fan On
IR_995, 16.73, 0.208602, Stable
IR_996, 21.90, 0.227231, Stable
IR_997, 45.56, 0.312575, Fan On
IR_998, 20.01, 0.219701, Stable
IR_999, 32.45, 0.257359, Stable
IR_1000, 46.08, 0.305758, Fan On
IR_1001, 40.16, 0.283421, Fan On
IR_1002, 14.33, 0.202528, Stable
IR_1003, 29.72, 0.248413, Stable
IR_1004, 57.81, 0.354546, Fan On
IR_1005, 53.17, 0.339918, Fan On
IR_1006, 24.45, 0.234821, Stable
IR_1007, 33.98, 0.266014, Stable
IR_1008, 8.12, 0.187535, Stable
IR_1009, 16.09, 0.207728, Stable
IR_1010, 2.64, 0.172248, Heater On
IR_1011, 13.45, 0.199106, Stable
IR_1012, 10.17, 0.195048, Stable
IR_1013, 40.11, 0.286550, Fan On
IR_1014, 11.44, 0.194752, Stable
IR_1015, 26.00, 0.236842, Stable
IR_1016, 13.41, 0.201077, Stable
IR_1017, 22.41, 0.224460, Stable
IR_1018, 56.51, 0.351631, Fan On
IR_1019, 46.94, 0.316324, Fan On
IR_1020, 35.99, 0.275772, Fan On
IR_1021, 23.18, 0.234115, Stable
IR_1022, 7.04, 0.183837, Stable
IR_1023, 50.23, 0.329479, Fan On
IR_1024, 26.59, 0.246237, Stable
IR_1025, 18.57, 0.213013, Stable
IR_1026, 4.81, 0.180782, Heater On
IR_1027, 5.83, 0.182393, Heater On
IR_1028, 35.90, 0.276574, Fan On
IR_1029, 31.89, 0.261133, Stable
IR_1030, 41.77, 0.289903, Fan On
IR_1031, 47.50, 0.316229, Fan On
IR_1032, 40.32, 0.284802, Fan On
IR_1033, 56.20, 0.348458, Fan On
IR_1034, 53.77, 0.345830, Fan On
IR_1035, 34.92, 0.265336, Stable
IR_1036, 20.05, 0.221369, Stable
IR_1037, 55.02, 0.342395, Fan On
IR_1038, 9.64, 0.193196, Stable
IR_1039, 25.34, 0.241560, Stable
IR_1040, 44.82, 0.307872, Fan On
IR_1041, 36.27, 0.273500, Fan On
IR_1042, 54.48, 0.341303, Fan On
IR_1043, 5.21, 0.179259, Heater On
IR_1044, 36.60, 0.277711, Fan On
IR_1045, 33.08, 0.259499, Stable
IR_1046, 48.16, 0.318870, Fan On
IR_1047, 41.82, 0.292426, Fan On
IR_1048, 2.11, 0.175400, Heater On
IR_1049, 29.09, 0.248979, Stable
IR_1050, 7.74, 0.185945, Stable
IR_1051, 51.11, 0.334341, Fan On
IR_1052, 29.82, 0.254406, Stable
IR_1053, 58.31, 0.361310, Fan On
IR_1054, 23.10, 0.228537, Stable
IR_1055, 58.85, 0.361790, Fan On
IR_1056, 41.36, 0.288958, Fan On
IR_1057, 40.96, 0.295602, Fan On
IR_1058, 5.96, 0.178952, Heater On
IR_1059, 22.74, 0.227321, Stable
IR_1060, 3.89, 0.179827, Heater On
IR_1061, 16.56, 0.208227, Stable
IR_1062, 10.38, 0.191847, Stable
IR_1063, 18.36, 0.217198, Stable
IR_1064, 12.98, 0.199620, Stable
IR_1065, 29.40, 0.254296, Stable
IR_1066, 45.51, 0.307327, Fan On
IR_1067, 27.93, 0.247594, Stable
IR_1068, 28.66, 0.245400, Stable
IR_1069, 9.18, 0.191901, Stable
IR_1070, 48.49, 0.323164, Fan On
IR_1071, 5.25, 0.182195, Heater On
IR_1072, 53.58, 0.341165, Fan On
IR_1073, 25.08, 0.234418, Stable
IR_1074, 51.50, 0.327700, Fan On
IR_1075, 36.92, 0.276999, Fan On
IR_1076, 15.78, 0.210178, Stable
IR_1077, 35.93, 0.273864, Fan On
IR_1078, 10.82, 0.194228, Stable
IR_1079, 13.93, 0.200381, Stable
IR_1080, 5.85, 0.178166, Heater On
IR_1081, 8.98, 0.193373, Stable
IR_1082, 32.05, 0.259952, Stable
IR_1083, 27.13, 0.243883, Stable
IR_1084, 29.23, 0.246286, Stable
IR_1085, 29.21, 0.250109, Stable
IR_1086, 0.00, 0.163459, Heater On
IR_1087, 28.38, 0.250162, Stable
IR_1088, 52.90, 0.334049, Fan On
IR_1089, 24.70, 0.235687, Stable
IR_1090, 5.91, 0.180660, Heater On
IR_1091, 40.31, 0.286143, Fan On
IR_1092, 51.96, 0.333219, Fan On
IR_1093, 3.60, 0.173088, Heater On
IR_1094, 12.61, 0.200611, Stable
IR_1095, 46.95, 0.311641, Fan On
IR_1096, 22.98, 0.228172, Stable
IR_1097, 28.06, 0.244452, Stable
IR_1098, 59.67, 0.368626, Fan On
IR_1099, 54.93, 0.352473, Fan On
IR_1100, 10.63, 0.192683, Stable
IR_1101, 15.90, 0.212412, Stable
IR_1102, 51.58, 0.337230, Fan On
IR_1103, 24.18, 0.235200, Stable
IR_1104, 9.53, 0.187538, Stable
IR_1105, 4.18, 0.179914, Heater On
IR_1106, 49.54, 0.323292, Fan On
IR_1107, 48.09, 0.317439, Fan On
IR_1108, 35.68, 0.276717, Fan On
IR_1109, 42.22, 0.290918, Fan On
IR_1110, 3.35, 0.175555, Heater On
IR_1111, 10.88, 0.191754, Stable
IR_1112, 45.43, 0.310347, Fan On
IR_1113, 19.92, 0.222371, Stable
IR_1114, 13.82, 0.204232, Stable
IR_1115, 52.60, 0.342852, Fan On
IR_1116, 10.76, 0.197726, Stable
IR_1117, 35.14, 0.267546, Fan On
IR_1118, 22.63, 0.233451, Stable
IR_1119, 8.35, 0.186364, Stable
IR_1120, 35.37, 0.273783, Fan On
IR_1121, 8.61, 0.190977, Stable
IR_1122, 50.04, 0.326247, Fan On
IR_1123, 24.70, 0.234701, Stable
IR_1124, 27.09, 0.246757, Stable
IR_1125, 40.87, 0.292943, Fan On
IR_1126, 26.66, 0.237647, Stable
IR_1127, 16.07, 0.210009, Stable
IR_1128, 20.67, 0.222829, Stable
IR_1129, 16.69, 0.207863, Stable
IR_1130, 7.30, 0.184582, Stable
IR_1131, 30.66, 0.256100, Stable
IR_1132, 1.55, 0.171624, Heater On
IR_1133, 48.73, 0.324876, Fan On
IR_1134, 42.83, 0.303245, Fan On
IR_1135, 33.53, 0.264651, Stable
IR_1136, 28.73, 0.244843, Stable
IR_1137, 39.03, 0.288611, Fan On
IR_1138, 0.59, 0.170864, Heater On
IR_1139, 22.02, 0.228231, Stable
IR_1140, 52.82, 0.344090, Fan On
IR_1141, 34.08, 0.267501, Stable
IR_1142, 58.24, 0.362655, Fan On
IR_1143, 52.66, 0.332968, Fan On
IR_1144, 37.86, 0.277496, Fan On
IR_1145, 48.34, 0.323754, Fan On
IR_1146, 38.40, 0.284036, Fan On
IR_1147, 27.04, 0.242283, Stable
IR_1148, 36.63, 0.276656, Fan On
IR_1149, 6.81, 0.183661, Stable
IR_1150, 44.43, 0.306066, Fan On
IR_1151, 59.70, 0.368772, Fan On
IR_1152, 34.36, 0.266972, Stable
IR_1153, 52.42, 0.330787, Fan On
IR_1154, 56.99, 0.362192, Fan On
IR_1155, 41.16, 0.296958, Fan On
IR_1156, 50.60, 0.330645, Fan On
IR_1157, 12.36, 0.199087, Stable
IR_1158, 46.92, 0.308685, Fan On
IR_1159, 55.26, 0.344688, Fan On
IR_1160, 4.95, 0.176203, Heater On
IR_1161, 3.62, 0.175227, Heater On
IR_1162, 28.03, 0.242765, Stable
IR_1163, 1.30, 0.172081, Heater On
IR_1164, 16.04, 0.207967, Stable
IR_1165, 27.88, 0.241579, Stable
IR_1166, 57.58, 0.358093, Fan On
IR_1167, 56.15, 0.357479, Fan On
IR_1168, 58.67, 0.365559, Fan On
IR_1169, 26.50, 0.239451, Stable
IR_1170, 20.49, 0.226171, Stable
IR_1171, 50.63, 0.324924, Fan On
IR_1172, 35.16, 0.273436, Fan On
IR_1173, 37.44, 0.279548, Fan On
IR_1174, 16.52, 0.214024, Stable
IR_1175, 23.05, 0.232823, Stable
IR_1176, 31.58, 0.260925, Stable
IR_1177, 4.44, 0.177714, Heater On
IR_1178, 22.56, 0.230972, Stable
IR_1179, 28.04, 0.248449, Stable
IR_1180, 51.02, 0.335568, Fan On
IR_1181, 38.74, 0.285448, Fan On
IR_1182, 35.01, 0.266753, Fan On
IR_1183, 19.54, 0.216262, Stable
IR_1184, 19.24, 0.214734, Stable
IR_1185, 47.31, 0.321894, Fan On
IR_1186, 12.12, 0.202254, Stable
IR_1187, 55.84, 0.351776, Fan On
IR_1188, 24.73, 0.236759, Stable
IR_1189, 21.20, 0.228887, Stable
IR_1190, 23.97, 0.235264, Stable
IR_1191, 14.96, 0.205680, Stable
IR_1192, 46.18, 0.307234, Fan On
IR_1193, 40.98, 0.297278, Fan On
IR_1194, 55.77, 0.356187, Fan On
IR_1195, 33.98, 0.262575, Stable
IR_1196, 2.06, 0.175233, Heater On
IR_1197, 42.16, 0.298735, Fan On
IR_1198, 27.35, 0.242419, Stable
IR_1199, 11.07, 0.199156, Stable
IR_1200, 2.99, 0.172950, Heater On
